id,b1,b2,b3,b4,b5,b6,b7,b8,b9,pred_minus_obs_H_b1,pred_minus_obs_H_b2,pred_minus_obs_H_b3,pred_minus_obs_H_b4,pred_minus_obs_H_b5,pred_minus_obs_H_b6,pred_minus_obs_H_b7,pred_minus_obs_H_b8,pred_minus_obs_H_b9,pred_minus_obs_S_b1,pred_minus_obs_S_b2,pred_minus_obs_S_b3,pred_minus_obs_S_b4,pred_minus_obs_S_b5,pred_minus_obs_S_b6,pred_minus_obs_S_b7,pred_minus_obs_S_b8,pred_minus_obs_S_b9,X,Y
356,79,28,54,117,52,99,93,25,60,34.87,24.16,45.04,-23.75,-26.66,-38.87,-18.61,4.12,-5.03,-18.51,-1.36,-4.23,-18.09,-0.7,-3.27,-15.79,-1.21,-3.39,140.7278031880562,35.81923477606164
202,46,27,50,83,51,90,76,26,56,68.54,24.27,48.21,16.37,-24.89,-27.66,2.19,4.93,1.25,-18.62,-2.17,-7.11,-21.12,-1.56,-6.35,-22.19,-4.45,-7.32,140.43283472879492,36.61189648904864
183,56,26,50,94,50,87,83,24,54,53.57,21.97,43.47,2,-25.22,-27.11,-8.04,5.69,1.43,-12.99,0.23,-5.97,-14.35,-0.55,-5.4,-14.51,-2.68,-5.15,140.23889057847927,36.08975623324473
306,56,58,81,69,65,100,109,42,80,56.41,-8.84,11.55,26.51,-40.14,-41.28,-32.79,-11.96,-24.36,-19.27,-0.81,-4.45,-18.37,-0.94,-4.23,-16.77,-1.35,-3.65,140.70314833353692,36.76893518253685
511,70,28,53,103,53,99,94,24,61,46.95,24.05,45.32,0.11,-28.1,-39.45,-14.22,5.33,-5.9,-23.26,-0.43,-4.16,-28.3,-1.13,-4.92,-23.06,-1.53,-4.15,140.00067047650418,36.03946324974642
215,36,35,56,90,61,105,63,23,53,82.41,16.46,42.18,12.72,-34.79,-41.83,17.88,6.09,2.32,-24.37,-1.6,-4.84,-28.5,-1.14,-6.4,-24.61,-1.56,-4.98,140.72439676833764,35.884914979379246
391,85,29,55,118,47,92,93,25,59,28.78,17.71,34.96,-27.19,-22.83,-35.61,-16.27,3.31,-5.55,-17.95,-0.45,-3.14,-14.54,-1.01,-3.28,-16.77,-1.85,-3.27,140.0844819061609,36.24255951262959
283,49,29,51,89,55,94,85,26,56,69.04,22.47,45.53,16.88,-29.39,-32.57,-2.85,4.62,0.77,-23.46,-2.08,-5.53,-26.82,-0.98,-5.53,-23,-2.47,-5.42,140.6805093465228,36.65359380252482
74,84,32,57,118,50,95,100,25,62,33.66,18,37.72,-19.39,-24.56,-34.28,-19.4,9.46,-1.65,-24.05,-1.6,-6.96,-22.45,-1.61,-6.4,-21.33,-6.33,-8.76,140.48829452041457,36.46821034130871
63,56,69,91,93,96,136,74,54,90,59.92,-17.71,5,9.94,-70.58,-75.28,5.65,-23.42,-33.37,-20.87,-1.07,-4.62,-23.83,-0.66,-4.56,-20.6,-2.14,-4.74,140.47013816427557,36.29588817525254
312,45,30,51,96,53,96,84,23,55,72.13,21.09,45.25,8.72,-27.51,-35.05,-2.89,7.75,1.88,-22.33,-1.04,-5.18,-25.88,-0.88,-5.16,-22.03,-2.22,-4.94,140.57344879466416,36.60613934330632
242,56,32,54,99,50,95,81,24,57,57.89,18.79,43.24,-0.9,-24.01,-32.84,-5.12,4.98,-1.92,-19.23,-1.39,-5.24,-24.38,-1.15,-5.35,-19.24,-1.55,-4.1,140.05701516991445,36.03492761158948
142,53,26,50,91,50,94,66,22,53,65.03,27.79,51.52,9.7,-24.66,-33.49,13.24,7.92,2.75,-27.07,-3.05,-7.77,-35.23,-2.38,-7.44,-26.98,-3.24,-5.96,140.2899082947529,36.035302583729674
234,64,48,65,111,64,107,103,30,64,51.66,3.16,32.62,-10.69,-37.9,-44.47,-25,-0.92,-8.68,-21.26,-1.69,-5.22,-25.13,-1.15,-5.78,-21.16,-1.72,-4.68,140.81320527780105,35.75918584992075
481,54,52,71,91,64,97,123,27,60,58.75,-3.72,22.69,5.07,-39.16,-37.3,-45.31,2.7,-4.47,-21.38,-1.74,-6.54,-19,-1.33,-5.81,-18.89,-1.74,-4.44,139.86269070801944,36.28167052692321
240,60,57,74,106,80,119,108,34,69,54.83,-4.96,24.47,-4.11,-54.05,-56.87,-28.64,-3.27,-11.93,-21.45,-2.19,-5.88,-23.08,-1.07,-5.81,-22.31,-3.38,-6.52,140.27430139739698,36.41067950663711
181,65,28,52,93,49,90,74,24,56,46.96,21.66,42.08,6.71,-24.22,-31.02,1.5,5.36,-1.17,-20.99,-0.98,-4.89,-21.32,-0.74,-4.57,-17.49,0.37,-1.98,140.5302777126647,36.5183963409202
298,66,27,51,113,49,94,91,24,58,49.53,24.21,45.31,-10.85,-23.53,-33.02,-12.12,6.17,-1.77,-20.62,-1.32,-4.15,-24.81,-0.83,-4.88,-20.93,-2.4,-5.07,140.02730404667957,36.24158412326614
157,74,40,61,110,66,110,111,29,68,45.06,14.11,40.33,-11.05,-40.91,-50.03,-30.16,0.21,-12.73,-23.93,0.49,-2.37,-20.46,-0.52,-3.26,-22.27,-0.89,-4.06,140.20497939458403,36.18114262002388
322,51,31,52,87,53,94,73,25,56,61.17,19.33,44.09,5.59,-27.78,-34.29,-0.95,3.81,-1.31,-17.21,-0.15,-2.15,-17.83,-0.42,-2.64,-14.28,-0.94,-3.15,140.42767974197594,36.68615888941582
16,67,68,89,108,74,114,117,44,86,44.82,-17.32,8.65,-14.46,-46.89,-50.18,-42.21,-14.5,-29.84,-20.1,-0.05,-3.1,-20.06,-1.11,-4.97,-18.07,-0.29,-3.91,140.43355684123426,36.077169443504935
297,48,37,64,88,71,103,71,26,54,64.62,12.22,29,6.96,-46.04,-43.96,5.31,3.73,1.44,-19.63,-1.83,-5.1,-17.64,-1.23,-4.91,-16.8,-1.67,-4.18,140.36473234483702,36.41913688685915
228,49,26,50,83,59,96,66,24,57,63.24,24.8,47.48,13.93,-32.8,-33.37,8.1,4.94,-1.94,-18.07,-1.4,-6.21,-24.73,-1.35,-5.79,-18.14,-1.58,-3.95,140.1694442439154,36.13783888191702
18,50,25,49,92,48,90,62,23,52,63.08,25.84,48.42,5.61,-21.87,-27.52,13.09,5.99,3.1,-19.16,-2.88,-7.25,-31.35,-2.43,-7.84,-22.66,-2.57,-4.99,140.09197419211287,36.256826139497235
137,58,27,49,95,46,89,81,22,55,50.55,23.7,44.1,-0.59,-20.87,-30.22,-7.63,7.6,-0.41,-13.32,-3.52,-4.35,-15.3,-1.69,-4.49,-15.93,-3.31,-5.5,140.01763756342643,36.15401861024424
392,54,43,65,111,61,109,89,26,54,65.3,13.12,41.04,-11.75,-34.85,-46.92,-11.54,5.32,3.08,-22.19,-5.43,-10.12,-20.17,-1.55,-5.56,-17.5,-3.39,-5.73,140.5705707312937,36.67273245246951
354,70,83,108,86,85,120,97,57,95,43.01,-31.35,-12.51,14.85,-59.53,-59.85,-20.4,-26.03,-38.43,-17.24,-0.92,-2.54,-22.51,-0.87,-4.05,-18.47,-2.64,-4.87,140.69061360118712,36.68271588499184
473,61,31,55,96,61,101,96,24,55,57.56,21.94,44.46,5.79,-35.96,-40.99,-15.78,5.37,0.24,-24.36,-0.39,-3.55,-26.17,-1.01,-4.63,-23.42,-1.69,-4.43,140.41644481673265,36.0366125734838
45,63,50,69,97,73,109,101,28,60,52.84,0.23,28.34,1.38,-47.16,-46.81,-23.35,0.74,-4.99,-19.85,-0.03,-1.79,-23.22,-0.79,-4.45,-19.2,-0.67,-3.12,140.55795648768847,36.669914546018276
342,53,31,53,94,58,103,76,28,57,60.17,20.9,45.69,-1.1,-32.63,-42.75,-1.69,0.97,-2.14,-19.49,-1.08,-3.3,-20.61,-0.64,-3.33,-16.88,-0.98,-3.26,140.07201006289066,36.26936876802973
376,53,39,60,101,59,109,97,26,58,58.52,12.84,38.56,-9.5,-33.92,-49.36,-22.9,2.79,-3.47,-22.87,-1.24,-5.55,-24,-0.94,-4.1,-22.13,-1.98,-4.09,140.0647095283304,35.90928403088822
244,59,29,53,98,52,94,85,27,60,54.81,21.75,44.2,-0.05,-26.02,-31.89,-9.25,1.96,-4.93,-19.04,-1.21,-4.96,-23.99,-1.09,-5.18,-18.81,-1.44,-3.96,140.47927297720662,35.96289202908068
328,39,35,59,93,60,101,71,23,50,74.11,16.02,38.38,0.17,-34.6,-40.72,2.23,5.9,4.8,-18.16,-0.78,-2.94,-18.92,-0.56,-3.1,-15.16,-0.95,-3.15,140.58753237866966,36.043635612348425
71,92,56,83,172,58,110,97,82,108,20.01,-7.05,9.35,-77.01,-33.18,-51.38,-21.07,-52,-52.4,-19.16,-0.82,-4.46,-18.93,-1.08,-4.44,-16.63,-1.5,-3.74,140.26706758434239,35.9579508852492
482,76,30,58,116,49,92,106,25,62,36,18.2,35.39,-20.14,-24.21,-32.52,-29.09,4.62,-6.64,-20.75,-1.62,-6.37,-18.68,-1.27,-5.61,-18.26,-1.69,-4.29,140.62382897828036,35.91039686411294
178,92,30,57,121,48,95,101,24,60,27.79,18.25,37.38,-18.9,-23.19,-34.44,-12.53,7.72,-1.44,-25.49,-1.46,-5.92,-20.99,-0.98,-5.94,-26.05,-3.18,-7.15,140.1185354546171,36.07312835162882
147,61,29,52,96,55,100,78,26,57,58.07,24.23,48.23,2.59,-29.96,-40.32,2.7,3.27,-1.66,-23.97,1.38,-1.56,-20,0.21,-2.51,-21.23,0.2,-3.25,140.18650262312426,36.179001160565456
179,53,40,60,101,59,102,97,25,54,64.25,12.01,38.11,1.42,-34.09,-42.35,-17.37,4.26,1.04,-23.67,-0.48,-4.12,-27.76,-1.14,-5.03,-23,-1.45,-4.09,140.38152213279565,36.54903719718832
286,48,42,64,81,68,99,98,26,57,64.52,8.08,30.12,16.22,-42.82,-39.29,-21.54,4.29,-0.86,-19.68,-1.36,-5.47,-18.74,-1.01,-4.82,-17.39,-1.7,-4.27,140.52077430170274,36.315989747281066
92,61,65,83,144,58,110,139,38,76,52.32,-13.22,13.44,-44.13,-32.56,-49.8,-62.74,-7.4,-19.77,-15.81,-1.77,-2.89,-20.61,-1.02,-4.11,-16.34,-2.58,-4.78,140.56679452324536,36.69356462055998
143,89,30,58,122,54,101,102,25,59,32.05,23.21,43.07,-20.01,-28.4,-40.46,-19.41,5.38,-2.23,-26.01,0.72,-2.45,-24.49,-0.96,-3.86,-24.05,-1.86,-5.44,140.68909522058456,35.8623318599894
495,50,26,49,90,52,94,64,22,51,68.84,26.92,50.33,11.97,-27.04,-34.08,16.5,7.17,4.05,-24.18,0.84,-1.36,-25.82,-0.93,-4.39,-23.25,-1.61,-4.22,140.75491719448328,35.798636717960946
486,40,33,58,72,56,92,63,22,50,69.96,15.72,35.07,27.19,-31.14,-33.07,10.97,7.45,4.91,-18.57,-0.31,-4.57,-21.21,-1.02,-4.84,-17.04,-0.88,-3.33,140.40407934178313,36.4313777746565
279,53,33,55,89,56,95,73,26,56,61.59,18.01,41.51,12.32,-30.45,-33.85,4.21,3.55,-0.47,-20.88,-1.59,-5.05,-27.36,-1.09,-5.26,-21.2,-2.43,-5,140.62097684618723,36.60702364080923
114,78,30,56,107,50,93,84,24,57,28.5,19.5,36.5,-23.34,-24.99,-35.98,-6.17,6.02,-1.04,-12.8,0.84,-2.32,-6.14,-0.41,-1.18,-18.9,0.64,-3.3,140.04026437426919,36.143597058059434
369,53,48,77,100,74,113,103,42,80,57.73,1.4,15.78,-3.69,-48.87,-53.95,-29.08,-12.2,-24.79,-17.14,0.27,-2.61,-19.54,-0.99,-4.16,-14.98,-0.39,-2.91,140.27698184406455,36.4144083622968
274,69,30,55,99,53,97,90,28,61,45.1,20.85,41.31,1.38,-27.48,-36.02,-13.65,1.43,-5.61,-19.72,-1.36,-4.46,-25.95,-0.96,-4.78,-19.52,-2.12,-4.58,140.07818393545787,36.172431588428694
229,60,69,89,100,82,123,73,50,78,50.55,-18.2,8.7,-5.87,-55.34,-59.6,-1.19,-21.03,-22.78,-18.52,-0.14,-3.12,-19.53,-0.43,-4.16,-14.48,0.44,-2.81,140.6276665409201,36.71203845467936
477,57,75,114,73,73,108,59,48,69,52.9,-26.75,-21.58,22.59,-48.25,-49.2,15.64,-18.53,-14.08,-20.56,-0.67,-6.51,-18.14,-1,-4.66,-17.61,-0.84,-3.1,140.28384542622157,35.956756077660586
203,59,59,84,93,70,104,92,29,58,55.56,-8.33,13.12,4.98,-43.96,-42.1,-14.52,3.15,0.23,-17.16,-1.98,-6.48,-20.86,-1.79,-6.25,-23.44,-6.5,-8.93,140.18783510111436,36.06713452017725
340,64,28,52,102,47,90,84,25,56,49.22,21.94,42.02,-4.7,-21.78,-30.28,-7.6,5.76,0.5,-19.43,-1.11,-5.5,-20.46,-1.26,-5.11,-17.08,-2.23,-4.66,140.38941486540202,36.68662268316719
315,50,36,60,80,54,92,82,24,55,62.41,13.84,34.35,16.81,-28.77,-32.14,-5.67,6.4,1.34,-19.84,-1.19,-6.19,-20.19,-1.32,-5.52,-17.74,-1.9,-4.48,139.88612766219114,36.222224496861806
104,81,28,52,116,46,90,91,23,57,31.9,18.86,37.19,-26.1,-21.85,-32.95,-12.87,5.79,-3.06,-25.17,0.95,-3.19,-19.72,-0.76,-4,-21.24,2.24,-0.37,140.42438502009222,36.42440962579449
25,74,30,57,109,50,98,88,28,64,37.75,20.63,40.63,-16.73,-22.13,-33.5,-11.88,2.12,-6.53,-20.83,0.19,-3.08,-18.88,-1.56,-5.22,-19.58,-0.54,-5.02,140.21034927668063,36.44577188026538
507,84,30,57,115,48,93,105,25,61,22.2,17.62,34.82,-19.14,-23.38,-34.19,-32.67,4.46,-6.08,-13.22,-0.42,-4.45,-16.24,-0.81,-4.63,-13.05,-1.88,-4,140.2802377926152,36.00578428182329
346,47,27,50,89,51,95,62,23,51,66.93,24.88,48.54,4.96,-25.74,-34.94,12.2,6.01,3.83,-18.42,-1.26,-3.92,-18.37,-0.56,-3.13,-15.65,-1.09,-3.28,140.11345969882385,36.28012798569454
326,51,39,60,97,61,103,77,22,52,63.81,12.46,35.66,5.34,-35.63,-42.6,1.38,8.7,4.63,-19.33,-1.21,-4.05,-23.23,-0.73,-4.35,-19.02,-2.19,-4.68,140.09740149013686,36.00394349928912
400,52,54,78,76,63,95,78,25,52,61.16,-6.66,12.42,16.5,-38.52,-37.6,-1.27,3.92,2.22,-22.12,-0.65,-4.8,-19.52,-1.39,-4.35,-18.71,-1.09,-2.93,140.40613124536776,36.13919463098126
216,56,31,54,94,54,95,95,27,58,59.09,20.09,43.63,5.62,-27.83,-32.35,-17.71,2.07,-2.7,-21.3,-1.62,-5.52,-26.76,-1.22,-5.86,-21.67,-1.73,-4.6,140.18012167108705,35.975494823151955
245,42,29,50,83,54,93,70,25,54,72.1,23.03,49.13,17.72,-28.07,-30.82,8.46,5.58,2.94,-20.4,-2.52,-7.88,-21.57,-1.22,-6.19,-21.21,-2.92,-6.13,140.40947478928655,36.71515916792273
42,62,27,51,92,47,87,89,25,57,51.04,22.96,43.38,4.66,-21.76,-27.07,-12.25,5.2,-0.93,-19.84,-2.99,-6.22,-11.07,-0.31,-3.64,-14.2,-2.67,-5.79,140.06354643322064,36.11453969033358
251,78,28,53,110,48,92,85,24,58,35.41,22.98,43.2,-11.11,-22.48,-31.27,-7.85,6.72,-1.28,-20.06,-2.42,-7.06,-19.58,-1.17,-5.48,-18.89,-2.84,-5.56,140.4305432014208,36.44079402723731
389,64,31,54,98,51,94,91,25,56,43.06,22.67,40.88,-2.99,-25.18,-34.07,-17.03,5.65,-0.63,-12.88,0.09,1.04,-14.27,-0.24,-2.35,-15.4,2.58,-0.59,140.28317683061377,36.53659909165524
375,58,32,56,98,58,101,88,24,58,59.06,22.05,46.54,-1.15,-32.53,-40.3,-11.73,5.98,-2.27,-21.34,-3.48,-7.54,-20.11,-0.96,-4.43,-17.74,-2.19,-4.58,139.97263058211422,36.10673813506432
205,63,37,58,95,58,101,89,27,62,53.03,14.78,40.38,7.34,-31.89,-38.4,-8.63,3.14,-5.46,-21.14,-1.74,-4.98,-22.2,-0.93,-5.59,-22.39,-3.26,-6.37,139.90076597801604,36.21052497088569
125,67,28,52,102,51,96,84,26,59,49.76,26.5,51.14,-4.07,-25.49,-35.28,-7.74,4.59,-2.76,-16.48,-3.73,-6.58,-14.52,-0.02,-1.57,-10.8,-2.16,-4.29,140.7600372821316,35.824360846106856
310,49,41,63,95,70,103,115,32,63,63.34,8.25,29.75,0.51,-45.11,-44.19,-38.86,-1.92,-7.3,-19.55,-0.86,-4.63,-18.79,-1,-4.42,-17.2,-1.48,-3.84,140.43642239183248,36.31743558728586
151,76,29,54,115,49,95,97,24,60,36.6,21,40.8,-17.27,-24.3,-35.1,-22.19,5.6,-5.09,-20.95,-0.72,-3.97,-24.83,-1.08,-6.17,-20.37,-1.34,-3.89,140.0144720304282,36.06106909108033
359,62,38,63,93,57,94,86,26,56,51.12,10.38,28.15,1.68,-32.17,-35.63,-10.54,3.37,-1.25,-17.55,-0.5,-3.52,-17.43,-1.15,-4.1,-13.83,-1.41,-3.2,140.63738200366814,36.83817171126623
331,45,27,49,82,50,91,57,24,52,66.34,22.9,46.03,10.3,-25.18,-32.33,13.89,4.59,2.3,-16.17,0.17,-2.41,-16.82,-0.24,-2.19,-12.92,-0.93,-2.91,140.3015998627385,36.2764961628398
479,57,60,81,90,75,113,75,31,60,60.67,-7.73,17.48,12.1,-50.03,-53.18,4.57,-1.68,-4.88,-24.01,-0.66,-4.07,-27.32,-1.15,-5.06,-22.88,-1.54,-4.19,139.92091144053427,36.025305905652786
273,64,28,54,101,51,95,82,25,60,48.99,22.9,41.48,-2.26,-25.57,-34.56,-4.88,5.71,-3.25,-21.1,-1.87,-6.06,-19.71,-1.1,-5.42,-19.6,-2.1,-5,140.30165504956577,36.14816011637016
60,53,40,61,92,60,99,101,25,56,62.25,11.25,34.92,10.02,-34.6,-38.37,-22.1,5.47,0.49,-20.32,-1.59,-4.27,-24.22,-0.8,-4.69,-20.42,-2.48,-5.21,140.26021845027725,36.32308238868938
365,80,41,64,104,60,94,119,29,60,32.4,6.56,26.28,-11.15,-35.45,-36.45,-43.27,0.2,-5.47,-19.54,0.37,-2.77,-17.54,-0.98,-3.63,-16.3,-0.66,-2.62,140.50275246504742,36.55034574634765
48,54,53,72,81,70,102,106,27,58,58.17,-2.54,22.6,17.15,-44.68,-41.98,-29.34,3.46,-1.58,-22.54,-0.07,-4.62,-19.2,-0.84,-5.06,-20.79,-0.45,-3.33,140.46240322214496,36.268082323619666
192,82,29,54,119,50,98,105,25,59,34.9,23.4,45,-15.9,-25.4,-38.8,-24.31,4.1,-4.1,-23.78,-1.23,-6.22,-28.14,-0.99,-5.08,-24.09,-1.2,-3.95,140.27765067301647,36.8534338730826
337,47,33,56,90,64,102,89,29,59,67.22,18.47,39.66,11.55,-38.61,-41.71,-11.48,1.79,-2.35,-18.25,-1.04,-3.17,-22.6,-0.8,-4.18,-18.6,-2.38,-4.74,140.21238225364706,36.45623984284964
58,66,28,54,104,48,95,84,25,59,40.59,21.57,39.57,-15.93,-22.86,-36.13,-14.09,4.5,-3.78,-15.55,-0.16,-4.34,-10.57,-1,-4.31,-12.37,-0.26,-2.81,140.30070385501557,36.485809036132444
180,66,28,52,98,47,88,83,25,57,51.09,20.24,42.22,0.63,-22.18,-27.75,-0.59,5.46,-0.29,-17.52,-1.06,-5.42,-9.42,-0.38,-4.25,-12.75,-1.27,-4.55,139.84536485251692,36.237125542752
54,93,29,56,126,49,96,121,26,64,29.98,20.91,40.27,-12.35,-23.55,-33.83,-32.69,2.88,-8.85,-28.72,0.11,-5.31,-34.61,-0.8,-6.36,-29.4,-0.32,-3.21,140.34752818654653,36.733159120196525
162,59,67,81,85,81,114,86,38,68,53.11,-18.74,12.34,10.15,-56.22,-54.7,-9.19,-8.43,-12.76,-21.3,-1.83,-6.49,-18.61,-1.32,-5.49,-18.37,-1.65,-4.16,140.44979793559241,36.369754798662804
493,66,36,61,92,50,90,77,23,54,43.84,12.65,32.01,7.17,-25.14,-31.08,-3.1,6.46,0.92,-18.06,-0.28,-4.62,-20.05,-0.94,-4.64,-16.13,-0.81,-3.22,140.29479755766255,36.38387191924976
159,51,28,50,86,45,86,63,22,50,62.15,20.37,43.8,9.59,-20.19,-26.36,14.67,7.52,5.3,-27.2,-3.47,-8.4,-30.45,-2.53,-8.66,-23.76,-0.93,-3.17,140.33378013129604,36.71676705224009
97,80,29,56,114,48,92,100,25,59,34.37,19.62,37.23,-15.09,-23.14,-32.15,-23.54,4.05,-4.41,-19.84,1.56,-2.46,-20.46,-0.39,-4.35,-17.99,0.11,-2.44,140.62466552391106,36.85088100210059
241,64,74,93,109,87,126,128,38,74,49.76,-22.11,6.08,-9.11,-61.06,-63.87,-50.07,-7.14,-16.76,-19.18,-2.91,-8.74,-20.04,-1.41,-6.38,-20.04,-3.43,-6.58,140.30199939065133,35.870787163127005
302,51,28,48,81,47,87,80,25,54,61.61,21.64,45.48,15.88,-21.96,-27.71,-3.37,5.26,1.98,-19.82,-1.08,-5.14,-19.78,-1.06,-4.78,-17.84,-1.68,-4.11,140.2410681230893,36.036128806816386
329,57,53,69,105,64,105,114,26,58,56.82,-1.86,27.02,-4.47,-38.71,-44.96,-38.16,4.2,-1.98,-8.99,-1.18,-1.63,-14.03,-0.72,-2.76,-9.13,-1.72,-3.45,140.5806376270533,36.80522565204963
50,56,51,69,88,64,104,102,25,54,60.28,0.4,27.6,15.16,-38.42,-42.68,-21.99,5.34,2.49,-21.91,-1.71,-5.25,-25.52,-0.89,-5.42,-22.17,-2.48,-5.39,140.58267233065763,36.561795021551696
201,63,42,63,97,66,108,111,28,59,52.41,9.76,35.69,4.44,-39.89,-45.42,-31.33,2.24,-2.34,-20.2,-1.89,-5.47,-21.65,-0.99,-5.71,-22.19,-3.41,-6.52,140.35295564338543,36.38449055714737
446,57,26,50,93,53,97,73,23,54,61.85,27.87,51.61,4.28,-27.94,-36.8,6.77,5.76,0.78,-23.46,0.1,-2.32,-19.66,-0.52,-3.42,-21.29,-0.55,-3.57,140.3433664813138,36.37097866353407
134,81,32,57,120,56,107,105,28,63,39.6,25,50.2,-16.28,-28.61,-43.4,-26.41,6.51,-2.69,-23.35,-6.07,-11.21,-24.13,-2.77,-7.07,-18.7,-6.65,-8.99,139.71326211797583,36.15673849869328
149,46,41,61,117,58,109,86,24,55,71.9,12.26,39.3,-16.21,-32.81,-48.79,-6.57,5.65,0.48,-23.73,-1.15,-5.57,-25.8,-1.15,-4.97,-22.48,-2.03,-4.66,140.26822121668508,36.27428782171161
166,59,27,51,94,46,87,76,24,54,54.98,21.59,43.47,2.57,-20.98,-26.45,3.47,5.56,1.78,-20.44,-1.91,-5.9,-20.01,-1.26,-5.56,-19.57,-1.7,-5.04,140.5738112897036,36.3719574473218
290,54,25,50,104,49,94,83,26,57,61.24,26.23,46.53,-1.13,-23.49,-32.89,-4.45,3.84,-1.16,-19.6,-1.44,-4.43,-26.3,-0.85,-4.76,-20.46,-2.33,-4.84,140.46033882692723,36.36360231984981
403,59,32,54,92,52,95,83,27,61,52.88,19.12,41.42,6.97,-26.73,-35.25,-7.9,3.38,-5.15,-18.82,-0.89,-4.63,-24.57,-1.04,-4.84,-19.84,-2.92,-5.05,140.34310086011928,36.84370797937747
488,73,29,50,101,47,90,82,24,56,36.07,19.05,42.34,-5.12,-22.29,-31.15,-7.65,5.55,-0.94,-19.43,-1.25,-6.64,-18.51,-1.17,-5.08,-16.98,-1.26,-3.69,139.7825053545542,36.22223965188532
186,58,62,86,85,61,93,88,24,53,45.29,-14.57,5.06,11.38,-36.43,-34.66,-18.39,5.31,1.53,-9.95,-0.19,-3.63,-16.56,-0.73,-4.12,-10.08,-1.78,-3.64,140.34657695703538,35.921497637509454
379,47,38,62,90,70,103,100,28,58,62.73,12.13,31.02,5.23,-44.8,-44.07,-25.67,2.09,-2.6,-16,0.52,-1.02,-17.7,-0.67,-3.28,-15.66,0.32,-2.64,140.4062523168057,36.5063497054401
72,68,76,89,111,82,123,121,35,74,44.09,-25.64,7.07,-18.54,-56.8,-63.39,-49.08,-6.17,-19.31,-16.76,-0.27,-2.29,-17.49,-0.54,-2.75,-14.02,-1.07,-3.24,140.17337884192509,36.13653915966465
414,90,32,59,129,52,99,121,27,65,20.36,18.67,35.16,-30.66,-26.77,-39.66,-46.88,3.27,-9.47,-18.66,-0.77,-4.38,-24.76,-1.2,-4.87,-19.8,-2.59,-4.59,140.77003046934246,35.8072803953623
266,55,39,62,91,66,102,98,27,57,59.42,13.02,34.67,11.05,-40.32,-40.78,-19.14,3.87,0,-21.73,-2.56,-6.28,-22.73,-1.13,-5.69,-21.47,-2.55,-5.67,140.25680500665746,35.98927606194605
210,45,36,60,97,57,102,83,28,56,70.69,15.17,37.74,3.06,-30.82,-39.28,-5.14,1.07,-0.69,-22.01,-1.58,-5.35,-26.67,-1.2,-5.89,-22.04,-1.73,-4.68,140.1897892272894,35.891709164136856
348,75,31,55,104,53,95,112,27,56,37.46,20.65,39.61,-2.75,-27.66,-35.11,-35.16,4.13,0.81,-17.28,-1.48,-3.45,-22.14,-0.78,-4.09,-17.78,-2.4,-4.87,140.440885269764,35.93669444163745
258,63,29,53,99,50,94,85,26,60,51.16,21.9,43.72,0.91,-24.22,-32.46,-8.61,3.42,-4.53,-19.84,-1.37,-4.3,-25.08,-0.95,-4.87,-19.39,-1.94,-4.58,140.03614631169984,36.007757878156625
195,79,30,55,115,51,96,109,25,59,35.4,22.19,41.2,-3.31,-25.44,-36.8,-28.94,5.27,-3.66,-22.4,-3.91,-6.61,-36.29,-2.13,-5.77,-23.32,-2.09,-4.13,139.9710012251193,35.97661635441344
406,50,30,52,82,52,90,90,25,55,59.76,20.61,41.79,15.36,-26.76,-30.71,-16.15,5.48,0.74,-18.1,-0.53,-3.63,-23.06,-1.09,-4.63,-19.14,-2.36,-4.51,140.5952722904062,35.93121007845694
295,60,27,53,97,49,93,83,25,58,56.58,24.3,43.36,6.8,-23.47,-31.85,-2.96,5.43,-1.44,-22.05,-1.67,-5.3,-25.3,-0.7,-5.11,-21.23,-2.23,-5.13,140.69699359816676,36.660272929214145
321,61,30,53,97,51,98,79,26,60,52.62,21.67,45.48,-3.41,-25.4,-37.15,-4.49,3.02,-4.98,-20.05,-1.08,-2.63,-21.12,-0.57,-3.42,-17.17,-0.84,-3.21,140.66980864781706,36.71005382127298
52,63,28,52,98,50,92,83,26,58,54.28,23.18,44.35,6.5,-24.48,-30.8,-2.27,4.45,-1.41,-22.1,-1.58,-5.35,-23.97,-0.33,-4.81,-19.99,-2.05,-4.61,140.49003405539105,36.075474951392415
81,53,47,66,107,65,107,104,27,57,58.86,3.51,29.42,-10.69,-39.99,-47.89,-31.4,2.68,-1.68,-14.94,-0.47,-2.51,-18.73,-0.53,-2.75,-13.14,-1.92,-3.85,140.21540545298004,36.044125912370106
95,68,27,51,100,46,87,77,23,54,43.73,21.07,39.75,-6.72,-21.35,-29.09,-1.87,6.36,0.74,-11.73,-1.81,-3.62,-14.88,-1.37,-4.35,-8.78,-2.34,-4.16,139.78011675983032,36.20680463020531
353,52,39,61,100,61,103,86,25,54,61.06,12.55,34.26,0.5,-35.59,-42.98,-9.44,5.97,2.61,-17.44,-0.96,-2.61,-22.25,-0.8,-3.97,-18.43,-2.61,-4.91,140.26722761150666,36.029047968683265
56,52,49,67,54,53,87,62,52,79,60.6,0.08,25.76,40.82,-28.08,-28.07,14.3,-22.3,-23.61,-19.63,-1.72,-5,-18.12,-1.28,-4.96,-16.85,-1.57,-4.05,140.36060135294503,36.144066601274865
152,62,27,49,90,46,86,82,24,55,49.97,21.2,43.67,4.47,-21.28,-27.2,-5.54,5.43,-0.05,-21.31,-2.03,-5.75,-12.54,-0.73,-3.09,-14.55,-1.76,-3.87,139.92438291880916,36.29480736192132
36,61,77,108,83,69,103,93,24,55,52.95,-25.29,-10.87,17.17,-43.39,-41.79,-14.73,6.75,1.92,-20.65,-2.35,-6.66,-20.22,-1.02,-5.55,-20.42,-2.64,-5.72,140.48827765568006,36.30038722353714
423,44,39,59,109,57,104,96,25,54,74.04,13.92,40.47,-12.03,-32.08,-44.67,-16.7,4.17,1.12,-23.23,0.43,-1.55,-20.38,-0.44,-2.85,-21.19,-1.13,-3.99,140.35335557863414,36.17433304215576
255,61,65,88,87,85,124,106,71,110,51.12,-14.22,9.67,7.22,-58.5,-61.09,-32.05,-41.84,-54.52,-18.33,-0.3,-2.58,-19.27,-0.82,-4.3,-15.98,-0.43,-3.28,140.29611379615022,36.879624576779364
121,60,28,48,102,45,86,80,24,53,53.88,18.75,41.97,-10.94,-20.8,-29.54,-3.19,4.36,0.52,-15.47,-1.13,-3.15,-13.56,-1.02,-3.55,-16.54,-2.34,-4.27,140.45799975074752,36.19358574896798
335,55,38,61,90,57,96,85,24,56,58.51,14.04,34.28,12.44,-31.59,-35.83,-7.07,7.21,0.99,-18.19,-1.84,-3.91,-23.8,-0.84,-4.33,-18.8,-2.54,-4.98,140.14934052912216,36.221688160416946
91,67,31,55,102,47,89,81,23,56,36.04,16.24,34,-21.83,-23.89,-34.25,-13.77,5.9,-2.28,-8.26,0.54,-1.29,-3.51,0.51,-0.59,-6.17,-0.81,-2.1,140.51468577290927,36.47798847321022
413,65,53,74,108,72,116,98,31,62,51.51,-0.12,25.64,-12.28,-47.02,-56.43,-20.08,-2.03,-7.14,-22.82,-0.02,-2.85,-21.02,-0.53,-3.21,-20.91,-1.17,-3.85,140.2282142952628,36.21346930293626
496,60,26,49,100,55,98,70,22,52,59.18,28.71,53.06,0.11,-29.88,-37.85,11.12,7.22,3.27,-24.04,0.98,-2.17,-21.52,-0.91,-3.92,-23.26,-1.94,-4.69,140.53564049470484,36.432076796957304
319,79,29,53,106,51,96,93,25,60,33.89,21.71,43.9,-13.02,-25.64,-35.79,-20.14,3.8,-5.29,-17.9,-0.46,-2.47,-18.64,-0.5,-2.99,-14.82,-0.83,-3.03,140.49965304106047,35.96747672747795
253,52,28,53,100,48,88,59,23,50,61.43,23.58,44.48,-0.47,-22.34,-26.7,18.43,7.68,6.86,-19.81,-2.4,-7.27,-19.56,-1.11,-5.66,-19.5,-2.74,-5.81,140.0691238785494,35.92140212307064
364,55,52,68,81,69,100,87,25,54,59.61,-3.73,22.65,14.64,-44.14,-41.7,-11.45,4.28,0.5,-20.13,0.04,-2.56,-18.73,-1.08,-3.9,-15.01,-0.89,-2.68,140.48373632074228,36.136506645909094
217,40,38,56,97,60,101,66,29,60,72.39,12.85,41.51,0.16,-33.78,-38.32,8.39,-0.01,-4.89,-18.47,-1.54,-6.36,-25.25,-1.36,-5.89,-18.89,-1.68,-4.09,140.5540737674103,36.41180458168878
172,71,29,55,109,47,93,102,25,58,37.6,19,37.6,-6.44,-22,-34.2,-31.39,4.2,-3.4,-17.16,0.25,-5.07,-23.18,-1.03,-4.48,-12.95,-0.73,-3.06,140.38040683040518,36.352961164697795
272,74,27,51,106,46,90,89,25,58,39.07,23.03,43.52,-9.27,-20.74,-30.01,-12.23,5.22,-1.9,-20.16,-2.66,-6.35,-13.86,-0.63,-4.25,-15.68,-2.59,-5.45,140.2753756073772,36.64298236388691
372,50,27,51,94,50,96,67,24,56,60.03,24.64,47.39,-5.19,-25,-36.52,5.18,4.55,-1.88,-21.23,-1.06,-5.39,-21.04,-0.86,-3.93,-20,-1.73,-3.66,140.6077301793743,36.49197655597918
430,53,27,50,96,53,96,68,23,53,65.62,25.94,49.7,1.54,-28.04,-36.6,11.87,6.25,2.25,-23.7,0.6,-1.5,-20.62,-0.45,-2.88,-21.61,-1.11,-4.08,140.22858232118062,36.37027708685177
438,69,63,84,108,75,112,130,34,72,46.75,-10.83,14.43,-7.79,-49.87,-52.1,-52.11,-4.23,-16.54,-22.29,-0.96,-4.23,-24.74,-1.04,-4.77,-21.29,-1.9,-4.54,140.23184002753592,35.95466597367977
197,80,29,55,116,50,95,102,25,59,34.08,21.8,40.86,-14.76,-24.92,-35.71,-24.53,4,-4.19,-21.98,-2.12,-6.03,-26.08,-1.67,-5.82,-20.91,-0.9,-3.7,140.3510723473066,36.604014577452475
516,49,25,50,92,54,100,60,23,52,69.77,29.04,51.22,7.87,-28.9,-39.95,20.67,6.23,3.24,-23.82,1.78,-1.04,-31.74,-1.77,-6.19,-27.16,-2.84,-5.1,140.58585917710505,36.70180726399859
363,47,28,51,100,52,99,66,24,54,67.72,24.47,48.45,-5.73,-26.79,-39.01,8.84,5.12,0.9,-19.2,-1.61,-4.57,-18.61,-0.61,-3.25,-16.45,-1.23,-3.46,140.44806130129172,36.05399736875927
332,53,41,62,106,62,105,80,27,57,60.5,10.74,36.52,-12.72,-36.54,-44.49,-5.64,1.98,-2.08,-19.24,-0.68,-1.89,-20.41,-0.45,-3.17,-15.78,-0.62,-2.92,140.62900852341363,36.698758357007456
501,72,28,54,107,50,91,92,24,55,40.54,21.66,40.01,-7.05,-25.31,-32.04,-16.3,5.16,-0.35,-20.64,-1.32,-4.61,-24.22,-1.12,-5.4,-18.87,-0.82,-3.42,140.29374723523398,36.157859267964064
204,83,28,54,117,51,96,105,27,64,37.09,23.43,44.29,-13.74,-24.47,-32.18,-21.78,1.66,-9.18,-26.14,-1.87,-5.87,-34.63,-1.83,-7.97,-29.34,-2,-5.03,140.47703617837303,36.40208785405228
445,43,41,59,93,56,97,93,25,55,67.82,9.14,35.26,5.02,-30.98,-37.77,-18.79,4.7,0.02,-19.5,-0.7,-3.73,-23.05,-1.12,-5.16,-19.28,-0.66,-3.27,140.73133632093638,35.85578583207365
14,63,28,52,93,51,93,84,25,59,52.49,24.04,46.33,10,-24.96,-30.64,-4.09,5.51,-2.14,-22.89,-1.26,-4.81,-20.77,-0.89,-5.11,-20.06,-3.51,-6.6,140.098249108636,36.119531176369115
206,77,29,52,103,51,93,87,27,59,37.41,21.81,45.28,-5.06,-25.05,-31.18,-9.42,4.8,-1.07,-16.86,-2.31,-6.72,-20.25,-1.77,-6.29,-23,-6.11,-8.57,140.6918938399114,36.811320167067024
169,54,46,73,107,61,107,97,25,52,64.83,7.09,26.61,-5.23,-35.99,-47.02,-16.52,4.26,3.15,-24.22,0.27,-2.29,-25.15,-0.87,-4.29,-23.19,-1.56,-4.28,140.3860150037095,36.10785894392268
419,39,24,47,80,47,89,55,22,52,73.37,27.05,48.61,19.42,-21.86,-29.44,20.56,8.23,3.62,-20.36,-0.85,-4.49,-25.63,-1.06,-4.88,-20.96,-2.42,-4.62,140.01004295974707,36.35505558400544
459,57,60,86,87,59,96,103,27,57,56.44,-12.07,6.96,8.86,-34.34,-36.9,-24.91,2.3,-1.91,-23.49,-1.62,-6.5,-21.67,-1.39,-5.7,-20.53,-1.2,-3.72,140.49501372463862,36.60992057978998
324,35,32,53,95,55,98,70,24,51,78.37,18.87,42.67,4.82,-29.78,-38.17,5.26,6.04,4.84,-12.68,-0.97,-1.91,-17.8,-0.7,-3.07,-12.39,-1.95,-3.89,140.11244514715082,36.08403357081019
189,62,28,51,96,46,89,87,24,56,45.26,19.6,39.9,-0.36,-21.47,-30.92,-14.43,5.45,-1.11,-12.49,-0.84,-3.09,-4.75,-0.13,-2.29,-11.45,-1.57,-4.16,140.09334506103357,36.004162096844134
82,61,67,90,93,92,131,85,56,96,52.6,-15.13,8.69,0.39,-66.51,-70.45,-10.4,-26.99,-41.04,-20,-0.72,-2.33,-20.65,-0.46,-3.13,-16.9,-0.73,-3.04,140.12313130751662,35.97432711283972
411,52,46,66,89,59,96,97,26,58,55.68,6.02,27.86,6.08,-33.59,-36.8,-23.63,4.31,-2.82,-14.58,-1.45,-2.54,-16.31,-0.91,-3.62,-15.81,-0.69,-2.82,140.6199202638493,36.016638362556826
120,54,27,51,87,53,91,72,25,55,57.61,23.97,43.95,12.4,-27.69,-31.23,3.35,5.42,0.91,-19.67,0.45,-4.2,-27.26,-0.23,-5.13,-18.94,-2.92,-5.16,139.81094626879573,36.21170120881157
46,54,48,67,115,59,105,118,28,62,59.86,2.61,30.47,-19.76,-33.06,-43.07,-43.23,0.92,-6.95,-17.12,-0.03,-0.29,-19.08,-0.62,-3.35,-15.45,-0.57,-2.67,140.0878545110407,36.16344172298743
80,56,46,66,115,61,106,101,27,57,57.12,5.15,31.51,-21.93,-35.63,-45.83,-27.83,1.93,-2.18,-17.92,-0.96,-3.2,-18.52,-0.72,-3.33,-15.31,-1.14,-3.41,140.6360273699136,35.961195061481064
431,40,25,50,85,51,93,56,23,51,78.74,29.29,52.31,14.86,-25.58,-32.35,23.75,7.03,4.94,-24.58,-1.98,-6.83,-24.46,-1.24,-4.99,-22.94,-2.49,-5.26,140.46955008782876,36.554308783872436
327,53,61,81,91,67,109,73,45,76,59.26,-10.43,15.39,1.15,-41.79,-49.34,-1.1,-16.24,-21.42,-17.06,-0.45,-2.56,-17.5,-0.61,-2.94,-14.17,-1.03,-3.2,140.2721641362168,35.89333664374407
469,56,31,54,96,55,99,70,23,53,62.44,22.59,46.51,4.61,-29.91,-38.96,10.09,6.36,2.26,-24.15,-0.35,-3.22,-24.26,-0.92,-4.28,-22.99,-1.64,-4.4,140.13813611477124,36.101323812698496
127,65,28,51,99,49,88,78,24,54,45.08,22.3,41.8,-4.87,-23.87,-29.23,-3.3,5.73,0.85,-13.94,-2.43,-4.5,-14.84,-1.29,-4.59,-13.26,-1.71,-3.74,140.6024816015177,36.79084281486248
416,45,40,59,98,55,99,85,26,57,69.52,12.51,39.38,2.46,-29.63,-38.87,-7.9,4.52,-0.97,-20.12,-1.93,-5.19,-23.99,-1.03,-4.6,-20.01,-2.46,-4.7,140.25340902265054,36.14639713269302
76,57,54,70,79,74,101,94,26,56,55.34,-5.6,21.35,15.23,-49.23,-42.72,-17.69,3.63,-0.94,-21.1,-0.3,-4.11,-19.65,-1.11,-4.4,-17.92,-0.46,-2.75,140.5991602694635,36.7061948033396
108,45,27,49,84,49,94,60,24,55,65.81,24.74,49.47,6.34,-23.89,-34.36,13.07,4.73,-0.59,-26.97,-2.31,-5.66,-28.97,-1.42,-5.21,-26.09,-2.34,-4.84,139.72140612992283,36.183273512967986
429,72,67,84,97,70,104,99,30,63,40.65,-19.16,7.5,-2.92,-45.39,-45.75,-22.33,-0.83,-8.38,-23.26,-1.61,-5.93,-21.48,-1.49,-5.2,-19.78,-1.21,-3.28,140.60673261303756,36.018090824917756
66,82,30,56,118,49,94,105,26,63,36.99,20.9,40.3,-15.88,-23.41,-32.41,-23.97,3.9,-6.65,-24.65,-0.95,-6.21,-22.79,-1.07,-6,-21.83,-1.07,-4.27,139.96585511730063,36.20491915862946
254,79,27,54,115,49,95,95,25,59,34.44,24.54,43.21,-15.41,-23.36,-33.79,-17.52,5.7,-2.13,-19.97,-2.34,-7.05,-19.63,-1.1,-5.6,-19.59,-2.68,-5.76,140.77463297268423,36.853919485766525
57,44,37,59,94,59,100,88,24,53,71.57,14.27,37.03,8.39,-33.57,-39.26,-8.76,6.48,3.51,-20.89,-1.61,-4.59,-24.65,-0.79,-4.8,-20.83,-2.45,-5.22,140.0750753812395,36.25499571880118
222,47,26,49,85,50,91,70,23,52,67.88,26.06,49.97,16.87,-23.97,-28.62,9.23,7.69,5.07,-21.14,-2.08,-5.84,-22.43,-1.07,-5.8,-21.63,-3.56,-6.7,139.74229083331272,36.11354262747279
397,74,34,56,104,57,96,115,28,63,32.22,19.97,38.94,-8.61,-31.07,-35.91,-42.15,2.79,-7.72,-12.23,-1.47,-0.13,-15.57,-0.77,-3.3,-14.59,1.2,-1.49,140.28537418182842,36.558532856274915
334,107,67,92,141,67,113,111,46,82,4.95,-13.33,3.18,-37.71,-41.69,-53.29,-34.22,-14.19,-24.44,-17.42,-3.84,-5.03,-24.29,-0.86,-4.23,-17.76,-3.01,-5.61,140.57697930140694,35.984575052154604
444,51,26,48,90,46,86,61,21,50,58.79,23.1,44.46,5.43,-21.03,-27.3,13.33,8.52,4.8,-18.88,-0.78,-4.29,-17.86,-1.03,-4.21,-17.26,-1.12,-3.29,140.38675797537653,36.64423318509154
156,63,29,52,97,55,101,79,24,58,55.96,24.94,49.71,1.09,-29.88,-40.69,1.18,4.9,-3.05,-21.48,0.56,-1.71,-17.89,-0.45,-2.56,-20.45,-0.54,-3.5,140.56444947958173,36.6052154677708
47,60,62,85,101,73,115,96,37,73,52.89,-11.6,10.43,-2.35,-47.73,-54.87,-21.37,-7.74,-17.87,-17.73,-0.76,-3.36,-23.32,-0.69,-3.76,-17.22,-1.81,-4.13,140.2298069061184,35.9407401088269
128,79,27,53,115,47,92,89,24,57,34.07,19.5,36.89,-28.43,-23.27,-36.37,-13.44,3.24,-4.74,-18.88,0.11,-3.07,-11.07,-0.6,-2.42,-15.76,-0.24,-1.52,139.96788122701264,36.02609751936914
455,35,29,51,74,52,89,60,22,49,74.9,20.49,42.5,23.79,-27.12,-30.07,13.72,7.48,5.8,-18.67,-0.46,-4.44,-21.26,-0.95,-4.79,-17.65,-0.72,-3.14,140.19588360269398,36.266018452726804
305,56,63,90,85,87,127,68,51,84,54.06,-13.69,4.16,5.48,-62.22,-68.65,0.92,-22.8,-30.11,-15.67,0.57,-1.82,-16.45,-0.28,-1.99,-11.99,-0.65,-2.61,139.78203367128074,36.10725071306602
224,68,29,54,112,48,94,89,25,56,48.57,22.75,43.9,-8.56,-22.01,-31.55,-8.86,4.84,0.05,-22.65,-1.79,-4.73,-27.02,-0.99,-5.82,-23.26,-2.29,-5.41,140.4840717589782,36.15641104119328
28,50,51,73,78,61,98,89,25,55,63.42,0.86,26.07,21.02,-35.17,-36.07,-11.53,5.7,2.03,-19.05,-2.81,-8.65,-19.11,-1.28,-6.17,-19.51,-3.16,-6.28,139.8862042890317,36.24834330333914
212,59,64,83,94,82,119,112,36,70,54.67,-12.05,17.15,4.66,-55.85,-56.2,-34.54,-5.47,-12.91,-18.4,-2.78,-9.06,-20.08,-1.56,-6.82,-21.01,-3.72,-6.91,140.48996036554232,36.4318597475293
131,47,25,48,86,46,88,60,21,50,64.01,25.77,46.48,12.39,-20.75,-28.49,14.59,9.36,5.74,-23.82,-4.02,-6.88,-36.72,-3.27,-8.51,-27.68,-5.22,-7.36,140.71834695921626,35.90183877393336
85,79,30,55,111,49,94,92,24,59,30.42,19.4,38.67,-17.98,-23.88,-34.21,-15.68,6.22,-2.75,-14.18,-1.46,-5.8,-16.22,-1.41,-5.43,-15.41,-2.38,-4.89,140.136919129642,36.266247474168544
153,57,42,61,107,66,106,101,25,54,62.14,11.83,39.99,-7.93,-40.9,-46.09,-20.14,4.31,1.38,-24.06,0.61,-2.21,-20.79,-0.5,-3.23,-22.28,-0.88,-4.12,140.40066756138367,36.02544784424842
443,49,36,61,87,51,90,65,22,50,61.15,12.94,31.39,8.41,-26.06,-31.31,9.61,7.49,4.8,-19.39,-0.74,-4.41,-18.12,-1.05,-4.26,-17.55,-1.12,-3.29,140.34839962890877,36.57518867184084
126,81,33,56,109,55,95,100,26,61,25.86,22.99,40,-9.52,-27.78,-33.04,-24.53,6.13,-5.33,-12.49,-0.85,2.86,-17.39,-1.27,-3.74,-17.28,2.12,-0.14,140.02677158336698,35.927135241398894
387,48,25,49,93,50,94,67,24,53,69.83,29.74,54.66,4.36,-24.37,-33,10.01,6.23,3.04,-22.25,-3.88,-8.38,-20.58,-1.2,-4.84,-18.58,-2.49,-4.93,140.37915585563232,36.20948989075363
170,58,30,52,91,50,90,68,23,53,55.28,19.94,42.55,8.99,-25.21,-30.79,8.27,6.39,1.89,-22.52,-0.27,-4.55,-33.18,-1.63,-7.13,-19.05,-0.53,-3.21,140.53509289166954,36.05079595076216
19,74,29,55,114,52,101,94,28,65,38.43,23.43,46.57,-19.59,-25.44,-37,-19.66,0.49,-9.11,-17.91,-3.04,-10.05,-15.37,-1.86,-7.9,-17.2,-1.27,-5.42,140.56871738835795,36.63607961033551
124,72,30,55,99,49,92,89,23,57,28.4,19.5,36.63,-8.66,-24.23,-34.49,-27.7,7.03,-2.78,-6.65,1.35,-0.08,-12.15,-0.09,-1.59,-2.95,0.61,-1.48,140.62352642801122,36.440873694852655
77,63,53,74,98,77,113,77,39,68,51.01,-1.64,21.35,3.4,-51.68,-52.8,0.55,-8.36,-11.49,-17.77,-1.08,-3.27,-22.03,-0.7,-4.09,-17.92,-2.13,-4.52,140.5840845079877,36.56141369574552
211,81,27,52,112,51,94,95,26,60,33.48,24.02,45.57,-12.84,-24.82,-31.35,-18.31,3.06,-4.71,-20.9,-1.64,-5.95,-27.18,-1.32,-5.96,-21.38,-1.73,-4.47,140.47508036106308,36.36227734100309
225,55,36,56,86,57,95,92,27,57,59.28,15.23,41.75,12.74,-31.12,-33.18,-13.92,4.18,0.45,-19.38,-2.67,-7.67,-20.38,-1.63,-6.53,-21.17,-4.17,-6.88,140.4817812302951,36.61736455927333
314,66,66,84,94,79,116,110,38,77,47.37,-15.3,13.16,-0.35,-53.52,-55.35,-36.46,-9.17,-22.21,-18.47,-0.3,-2.42,-19.5,-0.5,-3.2,-15.56,-0.73,-3.01,140.20340965307594,36.232017317439535
294,60,41,63,87,61,99,96,25,58,55.93,13.19,34.46,19.83,-35.25,-37.57,-14,6.3,-0.72,-21.26,-3.88,-6.51,-26.07,-0.85,-5.15,-22.4,-2.48,-5.17,140.47451029981033,36.47652839515377
150,59,28,53,95,49,91,77,23,54,53.27,22.12,41.73,3.5,-24.11,-31.56,-1.79,6.62,1.01,-17.2,-1.35,-3.23,-20.21,-1.25,-6.04,-19.1,1.25,-1.43,139.96204439194207,36.01714939130848
390,43,26,47,81,48,91,50,22,49,74.81,29.25,57.55,17.92,-22.3,-29.76,26.42,8.86,7.52,-20.72,-4.55,-8.48,-19.77,-1.02,-4.43,-16.05,-2.79,-5.15,140.28029546953022,36.89576742099466
141,80,28,54,115,52,95,93,24,58,35.9,23.96,42.79,-22.48,-28.24,-38.08,-14.27,3.82,-4.44,-20.87,1.88,1.84,-15.21,0.83,-0.26,-20.32,0.55,-2.29,140.22174184605146,36.06348627577724
116,52,26,48,97,50,95,85,25,58,59.92,25.56,47.64,2.14,-24.66,-35.15,-9.91,5.63,-1.92,-17.13,-0.57,-0.84,-14.69,0.24,-1.69,-21.44,-2.83,-6.45,140.27432922930402,36.800977573851824
361,51,27,51,90,51,95,64,24,54,61.7,25,47.78,2.42,-25.73,-35.02,10.16,4.98,0.8,-18.19,-0.99,-4.1,-18.1,-0.67,-3.2,-16.21,-1.18,-3.31,140.25020383443575,36.50821769783659
285,51,47,68,92,75,115,99,32,68,61.09,3.22,27.16,5.21,-49.79,-55.32,-25.87,-2.66,-12.89,-17.21,-0.5,-3.01,-22.41,-0.62,-3.28,-15.88,-1.84,-4.02,140.13521203572822,36.07928924827713
256,67,32,56,102,55,99,96,28,62,45.58,18.7,41.57,-7.05,-28.82,-36.52,-22.38,0.91,-6.93,-15.75,-0.42,-1.83,-15.43,-0.36,-3.23,-12.77,-0.18,-2.61,140.5242430657603,36.20278488726455
378,66,67,106,94,61,93,47,23,49,43.5,-16.9,-12.88,1.53,-35.83,-34.06,27.47,7.34,6.76,-16.42,0.1,-2.22,-19.01,-0.75,-3.64,-17.55,-1.09,-3.94,140.23782236281346,36.186679274464964
184,82,30,56,113,48,94,98,24,60,29.68,18.15,38.23,-17.56,-23.01,-33.02,-20.34,6.01,-3.83,-17.85,-0.83,-6.74,-15.41,-1.11,-6.7,-17.78,-2.53,-5.31,140.34186548362683,36.729587243885454
40,40,38,59,114,55,105,87,26,58,72.56,12.78,38.64,-19.42,-28.75,-42.52,-13.05,3.04,-2.75,-17.76,-0.34,-2.13,-18.94,-0.7,-3.92,-15.38,-0.48,-3.04,140.2927369233229,35.91709803490674
480,80,29,55,115,48,96,99,26,62,34.04,19.5,39.33,-18.36,-23.05,-35.68,-19.57,3.67,-6.18,-22.27,-2.08,-6.32,-20.57,-1.46,-6.31,-20.4,-1.65,-4.71,140.33863333671601,35.88819863256905
227,48,40,60,108,58,105,95,28,61,61.09,10.87,37.75,-14.22,-31.42,-41.48,-26.87,0.64,-6.41,-14.84,-0.73,-3.3,-18.61,-0.97,-5.15,-10.2,-0.11,-2.66,139.87100088454116,36.074433662468074
271,52,25,49,94,47,89,68,22,52,64.11,26.53,49.11,10.02,-20.98,-26.21,12.35,7.74,4,-21.5,-1.86,-6.24,-27.82,-1.38,-6.63,-23.17,-2.29,-5.06,140.1305140418032,36.078065566463316
101,63,68,87,115,75,120,92,42,76,51.09,-16.18,10.95,-17.15,-49.64,-59.83,-16.63,-11.81,-20.05,-16.8,-1.61,-3.96,-19.47,-0.89,-3.82,-15.76,-2.4,-4.61,140.36127810014833,36.84159239166507
39,54,57,78,77,69,100,97,26,56,59.42,-6.75,16.98,20.55,-43.64,-39.73,-19.71,4.32,0.25,-20.22,-2.26,-6.65,-16.47,-0.87,-4.77,-17.49,-2.54,-5.28,140.27930277902814,36.85462010813549
474,57,32,55,95,52,91,87,23,54,55.41,17.79,39.21,4.16,-27.22,-31.79,-11.56,6.41,0.86,-20.87,-0.93,-3.97,-25.57,-1.23,-5.78,-19.69,-0.76,-3.55,140.41456486443948,36.487406987617504
318,56,57,76,93,72,106,97,25,54,58.26,-5.81,19.56,8.1,-46.68,-45.71,-19.48,5.45,2.34,-18.02,-0.78,-3.08,-21.3,-0.6,-3.95,-18.04,-2.06,-4.4,140.04633607003692,36.275226618956616
51,51,31,55,80,52,90,82,25,56,61.3,19.77,39.83,18.77,-26.64,-29.83,-5.14,5.55,0.5,-30.77,1.99,-4.54,-18.81,-0.66,-5.85,-27.83,0.87,-1.31,140.25070794440808,36.53798490313357
5,85,28,56,120,52,98,101,27,65,35.14,23.43,42.29,-16.58,-25.43,-34.14,-17.45,1.58,-10.28,-26.18,-1.89,-5.89,-34.92,-1.89,-8.05,-29.72,-1.94,-4.94,140.444224202901,36.400774330896205
86,55,50,66,106,63,100,114,26,59,58.34,1.44,29.11,-4.81,-37.62,-39.86,-36.84,4.73,-2.55,-18.13,-0.9,-2.73,-22.85,-0.77,-4.14,-19.04,-2.3,-4.61,140.3740501629569,36.718082215332664
405,48,26,50,89,51,95,60,23,54,68.72,26.98,49.88,6.99,-25.92,-35.26,17.74,6.24,1.11,-23.01,-0.39,-3.31,-21.36,-0.68,-3.52,-20.71,-1.44,-4.11,140.30110553912542,36.75043570212412
243,70,53,72,104,73,112,104,30,64,43.66,-1.71,25.71,-6.16,-47.3,-50.53,-26.41,0.79,-6.99,-19.65,-2.64,-7.99,-18.98,-1.38,-6.19,-19.92,-3.25,-6.07,139.89224443158255,36.17833091927654
223,48,26,49,87,48,90,59,24,54,63.58,24.8,48.65,8.9,-21.68,-27.11,13.98,4.91,1.05,-17.42,-1.22,-5.41,-22.62,-1.23,-5.57,-16.49,-1.21,-3.75,140.470684718482,36.52604757822303
10,34,32,53,97,53,97,59,22,50,83.32,19.34,45.03,4.09,-26.76,-33.99,20.34,7.06,5.3,-22.93,-1.82,-5.44,-27.3,-1.37,-6.44,-23.23,-1.89,-4.89,139.87880685542217,36.209446423873146
396,34,32,51,93,61,106,81,25,55,78.86,19.83,46.08,5.19,-35.77,-46.24,-6.15,5.34,0.79,-18.53,-1.25,-4.02,-21.63,-0.78,-4.07,-18.26,-2.42,-4.67,140.26282880048677,36.88528613789213
21,61,50,69,91,73,105,111,27,59,53.31,1.23,28.56,7.9,-47.15,-43.27,-32.78,4.14,-1.6,-19.78,-2.69,-7.74,-20.33,-1.58,-6.46,-20.89,-3.9,-6.68,140.198389798506,36.03271138860248
357,53,47,67,82,66,100,83,25,55,58.44,2.25,25.98,13.78,-40.97,-41.06,-8.7,5.02,0.65,-17.88,0.33,-3.27,-19.06,-0.87,-4.05,-15.44,-0.87,-3.46,140.05814885851882,35.93499950900783
377,49,38,62,82,56,93,73,25,54,60.34,12.06,30.99,12.69,-30.82,-34.21,1.42,5.12,1.48,-15.94,0.66,-1.46,-17.04,-0.6,-3.09,-15.98,0.32,-2.64,140.68153561093118,36.663432525882534
293,58,43,67,88,60,96,91,26,56,54.27,7.79,27.83,10.81,-34.63,-35.83,-14.11,4.58,0.52,-25.67,0.55,-4.59,-19.55,-0.81,-5.46,-23.61,0.24,-2.61,140.20133393484272,35.99775604218324
289,57,50,67,84,74,104,110,26,57,57.14,5.57,30.85,21.71,-48.24,-42.71,-29.29,5.57,0.44,-19.82,-5.51,-7.5,-25.18,-1.13,-5.51,-21.67,-2.6,-5.2,140.03899032715844,36.081405149321014
267,52,27,52,89,50,92,71,25,55,64.34,24.58,45.75,15.05,-24.1,-29.65,9.57,5.16,1.41,-22.15,-1.95,-5.94,-27.31,-1.23,-6.35,-23.15,-2.52,-5.46,140.445382455782,36.2144521027575
349,63,43,60,96,63,100,109,26,58,50.12,8.39,35.01,4.97,-37.63,-39.91,-32.02,4.72,-1.58,-18.09,-0.79,-2.53,-22.82,-0.77,-4.14,-19.29,-2.21,-4.51,140.1959767712189,36.06484522132788
521,55,26,52,92,55,98,65,23,56,63.64,27.89,49.05,7.68,-29.9,-37.98,15.52,6.23,-0.77,-23.74,1.27,-1.3,-25.53,-1.21,-4.7,-24.39,-2.21,-4.72,140.3084376848998,36.406773007193564
207,57,44,65,107,59,104,98,26,59,57.65,7.98,34.59,-6.23,-32.86,-41.26,-19.02,4.11,-2.38,-20.4,-2.18,-6.74,-21.67,-1.21,-6.24,-21.76,-3.06,-6.32,139.93569328899568,36.3276505563246
115,52,59,88,95,97,136,63,55,80,63.49,-6.16,11.9,0.18,-71.86,-76.09,13.49,-25.72,-24.92,-20.18,-1.11,-4.22,-18.82,-0.56,-3.14,-17.77,-1.37,-3.61,140.017842229506,36.18388077996537
421,81,29,54,110,48,91,86,24,56,27.43,21.66,39.09,-15.59,-22.88,-32.22,-12.75,5.6,-1.4,-15.47,-1.95,-4.16,-16.55,-1.21,-4.13,-16.36,-2.14,-3.77,140.54078160879723,36.200482171033684
343,59,60,79,83,71,104,94,26,56,50.56,-12.1,11.4,8.49,-46.52,-46.54,-19.49,3.4,-1.19,-15.8,0.02,-2.58,-15.36,-0.83,-3.32,-14.33,-1.03,-3.01,140.61237117771654,36.70458174905294
385,59,51,96,86,80,131,67,53,98,53.73,-2.59,-4.84,8.2,-55.19,-72.86,8.68,-23.65,-43.41,-19.7,-0.01,-2.57,-18.22,-1.06,-3.86,-16.62,-0.71,-2.74,139.96507990620623,36.33536904000829
22,55,30,53,86,52,94,69,28,61,56.56,20.7,44.65,7.51,-24.94,-30.2,5.07,1.4,-5,-25.66,1.02,-3.15,-22.19,0.65,-2.84,-19.5,1.1,-2.77,139.9340595564602,36.094432205998466
368,45,28,49,91,51,95,66,24,53,71.2,25.69,52.44,6.31,-25.64,-34.63,9.76,6.18,2.89,-20.7,-3.37,-6.83,-21.04,-0.93,-4.24,-17.58,-2.49,-4.84,140.08872985954514,35.97474388721676
29,45,39,60,105,60,106,98,27,57,68.12,11.67,37.47,-8.42,-33.88,-43.58,-23.51,1.91,-1.94,-18.76,-1.01,-5,-23.14,-1.09,-5.18,-17.79,-1.24,-3.77,140.68029005375237,35.96178334581339
465,56,31,53,95,58,99,78,24,56,62.97,23.35,48.64,4.94,-32.86,-38.85,2.69,5.36,-0.64,-24.63,-0.48,-3.43,-23.3,-0.93,-4.18,-23.2,-1.66,-4.51,140.6209334861927,36.68800520438428
471,77,27,52,101,57,102,84,25,57,41.96,27.17,49.49,-2.14,-31.91,-41.95,-3.32,4.15,-1.81,-23.86,0.62,-2.15,-20.56,-0.66,-3.45,-22.48,-1.12,-4.13,140.61794880516752,36.74391593453033
33,68,28,54,104,50,96,90,28,61,43.51,22.74,43.62,-8.54,-23.66,-33.1,-17.25,0.91,-5.93,-10.26,-0.57,-1.7,-5.4,0.47,-1.36,-5.61,0.26,-1.67,140.48658593645916,36.13269595739005
117,83,28,54,119,47,92,97,25,58,35.13,19.08,36,-21.66,-22.54,-34.77,-15.03,3.64,-4.34,-24.81,0.01,-3.09,-22.39,-1.2,-3.83,-22.61,-1.07,-2.47,140.44291953865994,36.70810622499434
32,67,75,95,92,84,120,81,53,86,44.85,-24.28,2.59,3.77,-57.73,-57.22,-7.92,-24.11,-30.97,-15.64,-0.66,-2.3,-17.71,-0.63,-4.03,-13.26,-0.37,-2.91,140.58398684874075,36.81769107188885
35,56,50,68,80,70,100,107,27,60,57.8,0.42,27.5,17.38,-44.61,-39.56,-29.18,3.46,-3.55,-20.35,-2.13,-6.8,-17.57,-1.01,-5.12,-18.96,-2.67,-5.4,140.77866364802512,36.83906220520786
65,49,27,50,85,49,91,65,23,54,58.62,21.76,43.21,-1.72,-25.3,-35.1,-3.05,4.3,-1.53,-23.95,0.32,-2.86,-23.43,-0.83,-3.49,-15.86,-0.71,-2.71,140.6082319404578,36.88412317219329
263,56,26,50,91,49,93,81,25,56,58.45,24.4,47.35,6,-23.02,-30.79,-5.41,3.86,-0.95,-18.06,-0.32,-2.39,-20.61,-0.74,-4.18,-16.46,-0.69,-3.1,140.4608277193955,36.29375755408699
367,68,31,54,106,53,97,94,27,59,47.57,21.87,46.15,-10.86,-27.81,-37.01,-18.39,2.4,-3.84,-19.48,-1.87,-5.15,-18.52,-0.52,-3.22,-16.6,-1.46,-3.65,140.2475337080274,35.95418720262786
30,45,39,61,108,57,108,74,27,57,66.82,11.67,36.64,-14.65,-29.79,-44.06,1,2.56,-0.69,-19.71,-0.04,-2.99,-19.55,-1.25,-5.1,-18,-0.41,-4.04,140.05369030788717,36.00134593842314
268,66,29,53,99,51,96,77,26,58,47.11,21.67,44.54,-3.97,-24.89,-33.71,-2.83,2.94,-2.9,-17.43,-0.31,-1.67,-18.49,-0.62,-3.7,-15.05,-0.47,-2.89,140.30371262468572,36.428398564545404
304,65,48,68,107,66,107,114,30,63,42.85,0.8,25.27,-22.26,-42.14,-50.81,-50.92,-2.5,-10.24,-15.59,0.86,-2.31,-13.45,0.26,-0.77,-8.33,-0.32,-1.83,140.40496836300494,36.10353029040286
259,50,42,62,90,52,95,71,25,55,65.93,9.94,34.94,13.46,-26.25,-33.41,9.46,5.76,1.96,-21.03,-2.39,-5.18,-23.98,-0.99,-5.37,-21.91,-3.04,-5.99,140.36514188947203,36.52317708851773
412,33,31,53,106,53,104,64,23,52,85.35,23.79,50.51,-7.83,-27.45,-43.15,14.01,7.23,4.05,-22.43,-2.79,-7.63,-20,-1.07,-4.45,-19.11,-2.43,-4.98,139.9297718668258,36.27038537845067
502,48,33,57,93,54,95,94,25,54,65.83,17.21,37.9,8.69,-29.21,-35.9,-17.21,4.21,0.69,-21.74,-1.69,-5.25,-26.3,-1.22,-5.49,-20.12,-0.93,-3.52,140.16107012352296,36.13497563701936
352,66,63,90,101,78,120,94,38,73,46.94,-11.29,6.01,-0.71,-52.56,-59.87,-18.06,-7.37,-16.8,-15.64,-1.1,-2.53,-20.54,-0.86,-3.84,-16.35,-2.31,-4.36,140.55244416677272,36.21003889943507
252,56,43,63,96,63,101,112,27,59,58.81,8.14,34.09,4.9,-37.11,-39.11,-34.66,2.52,-3.4,-20.38,-1.64,-4.73,-25.56,-0.99,-5.2,-20.36,-2.13,-4.87,140.0851117368371,36.38408118452447
88,69,27,51,101,47,88,79,23,54,41.93,21.73,41.24,-7.52,-22.18,-29.38,-3.61,6.71,1.3,-9.39,-1.92,-3.74,-11.79,-1.31,-3.24,-8.18,-2.25,-4.41,140.40552273003786,36.37467277056497
9,51,57,77,90,89,123,97,47,83,64.91,-5.21,21.45,12.21,-62.9,-60.4,-16.75,-16.85,-26.44,-20.97,-1.76,-5.05,-22.01,-0.93,-5.6,-22.26,-3.28,-6.39,140.7443005793306,36.8411489085876
145,53,45,66,102,55,100,89,25,54,57.37,4.92,27.73,-4.26,-30.05,-41,-15.03,4.47,0.73,-19.14,-0.45,-3.55,-22.47,-0.99,-4.81,-18.85,-0.54,-3.02,139.85976507362014,36.21272623089105
160,72,77,92,98,98,125,96,39,70,41.46,-28.91,1.47,-2.01,-73.29,-65.54,-17.56,-9.56,-14.62,-22.7,-1.8,-6.67,-20.66,-1.37,-5.89,-20.25,-1.43,-4.22,140.5389923002513,36.73623519549706
38,63,70,92,90,87,129,103,70,109,49.2,-19.21,5.67,4.24,-60.53,-66.15,-28.98,-40.84,-53.53,-18.39,-0.31,-2.56,-19.41,-0.83,-4.3,-16.09,-0.47,-3.3,140.5724409915409,36.82249780831055
198,67,51,68,115,69,111,136,31,67,47.7,-0.27,29.16,-16.32,-42.93,-49.01,-58.09,0.71,-9.17,-18.27,-1.8,-6.32,-20.88,-1.63,-6.13,-22.56,-5.53,-8.11,140.6127666395882,35.9997031788529
344,40,29,51,92,52,96,69,23,53,73.32,22.67,44.69,8.96,-26.53,-35.79,7.71,7.92,3.55,-16.53,-1.02,-2.51,-21.69,-0.88,-4,-17.53,-2.54,-4.69,140.29760400987098,36.17635684396158
466,53,51,72,91,83,121,66,43,71,65.83,2.88,29.37,7.4,-57.91,-60.89,14.31,-13.96,-15.92,-23.05,0.69,-1.59,-19.88,-0.59,-3.21,-21.78,-0.86,-3.91,140.23901694230221,36.50246252192726
136,53,67,97,76,88,130,54,56,92,64.01,-14.03,2.69,20.05,-63.04,-70.47,24.33,-27.03,-37.12,-22.74,0.14,-2.32,-20.47,-0.54,-3.14,-20.83,-1.13,-3.84,140.54888120108026,36.39801076555599
347,78,31,58,115,48,92,103,25,59,30.05,16.71,31.91,-24.6,-23.69,-35.01,-29.42,4.36,-4.29,-13.46,0.11,-2.02,-13.76,-0.67,-2.77,-12.71,-1.2,-3.05,140.26481424382445,36.52541397930912
239,76,29,54,105,49,94,89,25,60,33.89,21.84,43.72,-10.34,-22.53,-30.72,-18.71,3.78,-5.17,-14.42,-0.77,-2.74,-17.65,-0.83,-4.67,-11.17,-0.27,-2.78,140.51933790807956,36.63586574110965
484,75,28,54,115,56,101,80,23,55,44.77,27.91,49.4,-14.81,-30.82,-40.62,2.03,6.21,0.34,-25.22,-0.21,-3.72,-19.57,-0.74,-3.54,-23.4,-1.48,-4.43,140.37916282478847,36.31563379879732
34,49,46,67,105,57,100,91,25,55,66.99,5.85,30.25,-1.41,-31.14,-38.09,-10.45,5.72,1.95,-21.31,-2.11,-4.91,-24.32,-0.98,-5.5,-22.41,-3.16,-6.14,140.38628878788217,36.39610128228878
70,55,58,81,97,77,121,85,38,71,56.46,-7.94,14.45,-5.31,-51.94,-61.81,-13.99,-9.3,-16.49,-16.3,-0.04,-2.15,-16.69,-0.43,-2.48,-13.21,-0.98,-3.09,140.18075225328843,36.3208885551453
49,70,28,54,113,52,100,88,25,63,44.55,22.46,43.37,-17.31,-26.17,-38.22,-12.66,3.85,-8.02,-4.81,0.97,2.27,-8.54,-0.2,-0.04,-7.13,-0.3,-0.14,140.1702476143032,36.373885192535525
171,85,30,57,117,49,94,93,25,60,28.92,18.69,37.62,-20.88,-23.78,-32.93,-13.08,4.26,-4,-21.87,-2.2,-6.5,-19.5,-1.68,-6.94,-20.61,-1.24,-4.91,140.15721969741725,35.87922229906058
196,69,27,53,106,47,90,87,24,55,35.81,19.86,36.67,-18.69,-23.24,-33.71,-18.59,4.87,-0.88,-13.32,0.16,-2.39,-7.12,0.02,-2.06,-10.04,-0.74,-2.88,140.09604552325848,35.972495074106675
130,64,27,51,99,50,96,89,26,58,56.23,29.79,55.97,2.27,-23.27,-33.03,-10.79,6.53,0.32,-19.99,-6.19,-10.83,-18.34,-1.77,-5.75,-15.9,-4.67,-6.65,139.84960409438824,36.197685948187264
260,52,28,53,92,60,103,82,27,57,64.26,23.57,45.15,12.45,-33.93,-40.11,-1.41,2.71,-0.98,-21.41,-1.99,-6.18,-28.83,-1.33,-6.45,-23.28,-2.39,-5.28,140.65527639271068,36.785480586380864
436,54,38,60,109,58,105,101,26,59,63.83,15.53,41.01,-8.21,-32.7,-44.58,-21.81,3.86,-3.32,-23.55,-1.93,-6.21,-25.44,-1.29,-5.24,-21.81,-2.15,-4.83,140.08755232826817,36.162876160802135
417,49,27,49,87,51,93,74,24,54,70.12,28.63,56.18,12.47,-25.15,-31.46,4.33,6.77,2.59,-23.3,-3.91,-9.61,-21.62,-1.46,-5.37,-19.73,-3.06,-5.61,140.6933492227573,36.85097370947124
209,53,55,76,99,86,121,104,41,78,60.31,-2.77,24.94,-0.5,-59.73,-57.76,-26.87,-11.18,-21.45,-18.4,-2.85,-9.25,-19.52,-1.56,-7.08,-20.07,-2.78,-6.22,140.03341643782025,36.07668361154513
296,55,44,62,114,57,102,110,28,62,57.94,6.47,33.44,-15.35,-31.71,-41.98,-35.43,1.54,-6.64,-17.4,-0.8,-3.31,-22.87,-0.72,-3.63,-16.78,-2.03,-4.26,140.10620574825504,36.15076804047806
442,57,63,85,112,73,115,103,30,65,62.24,-9.68,15.48,-12.97,-47.88,-55.16,-22.28,-0.56,-9.49,-24.62,0.42,-2.06,-22.15,-0.64,-3.42,-22.78,-1.22,-4.37,140.62745560029643,36.8137020879351
450,48,25,50,91,48,90,74,23,53,66.56,26.39,46.73,9.18,-22.91,-30.28,3.38,6.76,2.31,-22.59,-1.09,-4.85,-26.44,-1.26,-5.31,-22.39,-2.16,-4.6,139.94467337338085,36.211632999694494
282,60,56,78,84,73,104,102,27,56,54.02,-3.51,18.33,18.03,-47.45,-43.15,-23.16,3.89,0.9,-22.92,-2.17,-6.17,-23.23,-0.96,-5.49,-22.24,-1.37,-4.27,140.4672542957593,35.95056777236977
31,57,28,49,96,48,92,78,25,57,57.71,23.08,48.15,4.48,-22.06,-29.98,-0.94,4.47,-1.44,-21.93,-2.47,-4.86,-24.79,-1.08,-5.86,-21.44,-2.33,-5.94,140.2530748449064,35.91269974459014
246,78,30,55,112,53,99,104,27,62,36.64,22,43.36,-10.37,-27.11,-37,-24.89,3.68,-5.02,-21.04,-2.41,-6.56,-22.93,-1.15,-5.93,-21.86,-3.14,-6.28,140.5373848453506,36.07324714159847
510,63,29,51,92,46,86,72,23,53,49.47,18.91,42.03,4.04,-21.35,-26.78,5.58,6.5,2.34,-21.08,-1.52,-5.8,-18.82,-1.18,-5.3,-18.03,-1.29,-3.92,140.6152190234331,36.73159434254076
341,63,75,95,77,85,123,92,60,97,50.39,-23.08,3.73,16.15,-59.58,-62.62,-17.49,-31.01,-42.09,-19.67,-0.81,-2.29,-20.33,-0.44,-3.08,-16.71,-0.74,-3.04,140.37291869776132,35.93680212771247
270,67,68,89,110,82,121,79,51,81,45.55,-17.17,8.68,-15.59,-55.7,-58.5,-4.86,-21.89,-25.65,-18.42,-0.37,-2.39,-19.76,-0.81,-4.15,-16.18,-0.59,-3.24,139.9339599881821,36.18101701790232
12,64,52,71,98,72,109,87,37,70,50.02,-0.56,27.64,0.31,-46.02,-46.84,-9.36,-5.94,-12.59,-18.32,-2.47,-7.93,-20.07,-1.51,-6.34,-21.78,-4.52,-7.42,140.28426246659527,36.73370486865837
280,69,27,52,106,48,93,84,23,55,47.79,24.44,44.63,-2.16,-22.39,-31.59,-3.38,7.39,1.56,-22.11,-1.71,-5.35,-25.3,-0.81,-5.31,-22.03,-2.4,-5.33,140.65628027072063,36.70966747739027
15,41,44,67,64,71,104,84,54,85,71.81,8.35,34.35,33.13,-44.66,-40.47,-7.91,-24.34,-28.44,-18.06,-3.04,-10.02,-18.23,-1.68,-7.48,-19.16,-2.55,-6.17,140.44535469054475,36.67864002679887
388,73,79,123,98,89,115,68,44,73,37.23,-28.55,-29.46,-0.48,-63.73,-55.61,7.07,-13.58,-17.13,-16.97,-0.25,-2.76,-21.49,-0.95,-4.28,-18.71,-1.98,-4.38,140.4862916779004,36.1210201730113
330,63,30,52,109,52,96,91,24,57,50.49,21.21,43.92,-9.34,-26.72,-36.03,-14.94,6.28,-0.92,-7.76,-1.25,-1.46,-12.07,-0.68,-2.55,-8.5,-1.73,-3.38,140.2407901387229,36.435667403527525
118,58,30,52,93,49,91,72,24,56,48.54,20.88,41.12,-0.35,-23.63,-32.4,1.8,6.38,-0.52,-14.04,-2.58,-4.12,-18.42,-1.05,-2.99,-13.19,0.48,-3.01,139.95440214460177,36.01343056422126
250,78,27,54,117,49,95,105,27,61,38.27,24.61,43.85,-13.29,-23.07,-32.56,-24.56,3.1,-4.64,-22.26,-1.75,-5.45,-26.81,-1.11,-6.15,-23.29,-2.53,-5.5,140.36715413567197,36.726502586222495
53,85,34,59,112,58,99,115,26,63,27.51,24.99,40,4.59,-31.54,-37.01,-30.67,8.66,-3.25,-18.02,-8.8,-8.47,-35.97,-1.72,-6.05,-24.83,-5.74,-7.57,140.21897536316627,36.363817166411565
333,51,28,51,80,48,86,71,23,53,60.97,21.27,42.22,15.56,-23.03,-26.8,5.13,7.23,2.95,-17.25,-1.33,-5.44,-19.06,-1.27,-4.91,-15.64,-2.36,-4.56,140.56921133769902,36.699020893967024
382,49,43,64,116,58,107,102,27,59,67.7,10.68,37.59,-19.77,-32.65,-46.62,-25.41,2.71,-3.49,-21.15,-2.37,-6.25,-19.36,-0.73,-3.82,-17.79,-1.78,-4.21,139.9333132074016,36.042499466812906
424,52,30,53,82,53,92,83,24,52,56.07,20.53,40.04,13.6,-27.86,-33.19,-10.05,5.89,2.94,-16.71,-0.43,-2.59,-19.3,-0.92,-3.96,-17.24,-0.71,-3,140.31574804647155,36.367458030956946
0,39,36,57,91,59,101,93,27,60,75.7,14.86,40.35,7.97,-32.92,-38.92,-14.94,4.47,-2.36,-18.41,-1.88,-6.43,-21.03,-1.6,-6.18,-22.5,-5.2,-7.86,140.65345370620244,35.932587631854076
370,51,37,60,99,62,108,89,26,57,63.91,15.7,39.62,-1.41,-36.71,-47.93,-13.37,4.26,-1.07,-18.72,-2.49,-5.21,-19.9,-0.83,-3.96,-16.87,-2.42,-4.76,140.47177876325244,36.77060550151931
404,55,65,97,81,66,98,75,26,54,58.05,-17.09,-6.19,12.44,-41.34,-40.25,1.5,3.27,0.52,-20.45,-0.24,-3.34,-17.83,-1.22,-3.9,-17.33,-1.24,-3.01,140.30652744286266,36.363939150059984
68,59,56,75,88,77,107,114,26,58,56.68,-4.84,20.71,12.76,-51.62,-46.43,-35.29,4.84,-1.16,-23.36,-1.58,-6.44,-23.72,-1.08,-5.63,-21.05,-1.95,-4.79,139.76176187529325,36.188481614933494
20,78,85,101,124,82,126,91,50,80,37.23,-33.92,-3.44,-24.21,-55.89,-63.47,-13.53,-20.94,-24.71,-20.68,-1.6,-5.22,-24.8,-1.16,-5.72,-20.59,-1.67,-4.54,140.48872526575641,36.77609955186452
441,70,29,52,102,54,102,79,25,58,48.54,24.6,48.97,-4.94,-29.04,-42.16,0.68,3.8,-3.2,-23.26,0.33,-1.85,-19.56,-0.41,-3.1,-21.25,-0.57,-3.58,140.50104586627845,36.228091402394426
426,37,24,47,79,43,84,42,20,45,75.69,23.8,44.4,15.01,-18.4,-25.81,34.66,9.15,9.58,-23.42,-1.59,-5.94,-21.56,-1.5,-5.16,-19.9,-1.2,-3.24,140.602724287237,36.34619829034566
69,78,29,55,119,49,97,99,26,63,40.85,20.57,41.14,-21.66,-23.44,-35.44,-18.66,3.28,-6.66,-25.73,-1.05,-8.27,-21.08,-1.69,-7.25,-21.45,-1.02,-4.65,140.31655680491275,36.05837783455805
113,59,53,71,110,63,107,96,26,56,52.6,-1.14,27.58,-18.42,-37.92,-47.37,-21.79,2.79,-1.47,-21.61,-0.9,-5.3,-22.3,-0.82,-3.78,-20.86,-1.76,-3.86,139.88093122874506,36.2052829693186
122,60,46,73,114,69,116,92,29,63,55.13,6.6,26.39,-19.22,-43.95,-56.32,-15.33,0.09,-8.1,-21.34,-0.46,-3.55,-20.09,-0.56,-3.17,-19.49,-1.32,-3.74,139.99600342086254,35.96548927380755
221,63,30,53,99,52,93,88,27,59,50.93,20.92,44.43,-0.67,-25.9,-30.58,-11.97,2.02,-3.85,-20.23,-1.73,-6.41,-26.94,-1.38,-5.96,-20.99,-1.87,-4.38,140.24977388642063,36.66712286338982
467,57,31,52,90,52,91,88,25,56,52.54,17.74,40.78,6.95,-27.14,-32.18,-13.78,4.54,-1.1,-18.36,-0.64,-5.42,-17.58,-0.85,-4.35,-16.54,-0.97,-3.23,140.54002669945223,36.59708346599898
464,46,29,50,85,51,90,80,24,53,65.98,20.85,44.23,13.72,-26.16,-30.83,-4.89,5.49,1.92,-20.65,-0.64,-3.82,-23.55,-1.02,-5.27,-19.85,-0.44,-3.16,139.9716616336286,35.92611495354459
194,66,69,93,90,63,100,99,25,57,45.97,-20.93,0.18,6.34,-38.24,-40.56,-21.73,4.74,-1.5,-19.64,-1.45,-5.6,-17.03,-1.08,-5.15,-16.77,-1.46,-4.03,140.59009147529568,36.117081091306034
497,57,61,87,81,49,86,61,23,50,51.44,-12.97,4.88,15.01,-24.33,-27.45,12.62,6.48,4.96,-20.99,-1.24,-7.24,-19.81,-1.21,-5.07,-18.03,-0.73,-3.24,140.50006665986712,36.64865893936094
238,43,40,64,91,58,100,90,25,54,73.74,11.41,33.94,11.46,-31.94,-37.25,-10.23,4.19,1.44,-21.42,-1.82,-5.29,-26.62,-1.19,-6.05,-22.3,-1.86,-4.78,140.6436636966556,35.93314831269441
360,50,48,71,86,67,102,89,25,56,61.89,0.72,21.73,9.08,-42.17,-43.52,-14.91,4.68,-0.56,-18.16,0.83,-3.06,-18.24,-0.67,-3.58,-15.04,-0.54,-3.24,140.2068629996202,36.12278262716949
161,46,47,72,81,57,94,88,26,53,63.97,1.39,20.44,14.62,-32.22,-35.23,-13.39,3.47,1.88,-20.1,-0.65,-5.92,-17.73,-0.96,-4.51,-17.3,-0.9,-3.1,140.35453872128102,36.22824192222944
99,54,33,59,78,48,87,62,23,52,58.71,14.08,30.44,13.54,-23.59,-29.65,14.77,6.1,2.36,-32.95,1.42,-3.59,-29.02,-1.09,-5.37,-23.56,4.26,2.82,140.2963815933259,36.64200578970374
55,53,29,51,87,49,92,66,24,56,60.98,21.63,46.37,7.84,-23.27,-30.63,8.61,4.88,-1.07,-26.56,0.74,-3.67,-28.71,-0.29,-4.33,-22.42,-0.38,-3.74,140.4051018111655,36.370387964359445
475,62,72,103,86,61,97,94,26,56,47.63,-23.46,-10.45,10.44,-36.18,-38.23,-19.76,3.52,-1.13,-19.64,-0.77,-6.01,-18.11,-0.94,-4.48,-17.09,-0.95,-3.14,140.13926038532603,36.2164117019338
301,59,28,54,95,51,96,76,26,58,54.67,22.9,43.66,-0.67,-25.29,-34.74,-1.67,2.94,-3.01,-18.83,-0.29,-2.46,-20.54,-0.58,-3.46,-16.38,-0.68,-3.01,140.02966981270822,36.10313241109283
7,40,39,58,82,61,99,89,26,57,73.99,12.91,41.92,17.33,-34.82,-36.19,-11.07,4.28,-0.19,-18.72,-2.61,-8.38,-20.56,-1.51,-6.68,-21.16,-3.42,-6.61,140.77614349005148,36.85197393372306
336,42,36,59,83,61,103,63,36,62,71.51,15.83,39.64,10.29,-35.53,-42.5,11.49,-7.01,-7.07,-19.28,-0.59,-1.6,-20.14,-0.36,-3,-15.86,-0.53,-2.8,140.1414500483812,36.05151955638772
345,32,32,53,84,77,116,61,35,70,82.01,19.24,44.45,11.09,-51.88,-56.35,13.48,-5.89,-15.05,-18.24,-0.89,-3.62,-19.14,-0.57,-3.16,-16.01,-1.36,-3.61,140.51175658387447,35.97730845001106
380,50,30,54,88,51,93,61,22,50,61.86,21.41,41.09,11.39,-25.61,-33.16,14.53,8.94,6.39,-17.5,-0.81,-2.66,-21.96,-0.76,-4.03,-19.09,-3.08,-5.35,140.40838810393416,36.46157150943985
1,84,30,57,112,51,98,92,26,62,30.58,20.42,39.83,-16.74,-24.92,-36.33,-15.67,8.16,-2.26,-16.27,-1.95,-6.25,-18.79,-1.99,-6.18,-23.41,-8.87,-10.83,140.65292935518812,36.64077331720138
